<metadata xml:lang="en"><Esri><CreaDate>20241023</CreaDate><CreaTime>12414900</CreaTime><ArcGISFormat>1.0</ArcGISFormat><SyncOnce>FALSE</SyncOnce><DataProperties><itemProps><itemName Sync="TRUE">Mid_Zambezi_Valley</itemName><imsContentType Sync="TRUE">002</imsContentType><itemSize Sync="TRUE">0.000</itemSize><itemLocation><linkage Sync="TRUE">file://\\DESKTOP-462I1M4\C$\Users\USER\Documents\Simbai\Shapefiles\MZBR_Che\Mid_Zambezi_Valley.shp</linkage><protocol Sync="TRUE">Local Area Network</protocol></itemLocation></itemProps><coordRef><type Sync="TRUE">Geographic</type><geogcsn Sync="TRUE">GCS_WGS_1984</geogcsn><csUnits Sync="TRUE">Angular Unit: Degree (0.017453)</csUnits><peXml Sync="TRUE">&lt;GeographicCoordinateSystem xsi:type='typens:GeographicCoordinateSystem' xmlns:xsi='http://www.w3.org/2001/XMLSchema-instance' xmlns:xs='http://www.w3.org/2001/XMLSchema' xmlns:typens='http://www.esri.com/schemas/ArcGIS/3.4.0'&gt;&lt;WKT&gt;GEOGCS[&amp;quot;GCS_WGS_1984&amp;quot;,DATUM[&amp;quot;D_WGS_1984&amp;quot;,SPHEROID[&amp;quot;WGS_1984&amp;quot;,6378137.0,298.257223563]],PRIMEM[&amp;quot;Greenwich&amp;quot;,0.0],UNIT[&amp;quot;Degree&amp;quot;,0.0174532925199433],AUTHORITY[&amp;quot;EPSG&amp;quot;,4326]]&lt;/WKT&gt;&lt;XOrigin&gt;-400&lt;/XOrigin&gt;&lt;YOrigin&gt;-400&lt;/YOrigin&gt;&lt;XYScale&gt;11258999068426.238&lt;/XYScale&gt;&lt;ZOrigin&gt;-100000&lt;/ZOrigin&gt;&lt;ZScale&gt;10000&lt;/ZScale&gt;&lt;MOrigin&gt;-100000&lt;/MOrigin&gt;&lt;MScale&gt;10000&lt;/MScale&gt;&lt;XYTolerance&gt;8.983152841195215e-09&lt;/XYTolerance&gt;&lt;ZTolerance&gt;0.001&lt;/ZTolerance&gt;&lt;MTolerance&gt;0.001&lt;/MTolerance&gt;&lt;HighPrecision&gt;true&lt;/HighPrecision&gt;&lt;LeftLongitude&gt;-180&lt;/LeftLongitude&gt;&lt;WKID&gt;4326&lt;/WKID&gt;&lt;LatestWKID&gt;4326&lt;/LatestWKID&gt;&lt;/GeographicCoordinateSystem&gt;</peXml></coordRef><lineage><Process ToolSource="c:\program files\arcgis\pro\Resources\ArcToolbox\toolboxes\Conversion Tools.tbx\ExportFeatures" Date="20241023" Time="124149">ExportFeatures Mid_WGS C:\Users\USER\Desktop\PhD\Data_Analysis\Biomod_SDM\MZBR.shp # NOT_USE_ALIAS "AREA "AREA" true true false 12 Double 3 11,First,#,Mid_WGS,AREA,-1,-1;PERIMETER "PERIMETER" true true false 12 Double 3 11,First,#,Mid_WGS,PERIMETER,-1,-1;LANDUSE_ "LANDUSE_" true true false 11 Double 0 11,First,#,Mid_WGS,LANDUSE_,-1,-1;LANDUSE_ID "LANDUSE_ID" true true false 11 Double 0 11,First,#,Mid_WGS,LANDUSE_ID,-1,-1;NAME "NAME" true true false 50 Text 0 0,First,#,Mid_WGS,NAME,0,50;LANDTYPE "LANDTYPE" true true false 50 Text 0 0,First,#,Mid_WGS,LANDTYPE,0,50;protectd "protectd" true true false 4 Short 0 4,First,#,Mid_WGS,protectd,-1,-1" #</Process><Process ToolSource="c:\program files\arcgis\pro\Resources\ArcToolbox\toolboxes\Conversion Tools.tbx\ExportFeatures" Date="20250513" Time="121220">ExportFeatures MZBR C:\Users\USER\Documents\ArcGIS\Projects\CheworeRoads\CheworeRoads.gdb\MZBR_Che # NOT_USE_ALIAS "AREA "AREA" true true false 12 Double 3 11,First,#,MZBR,AREA,-1,-1;PERIMETER "PERIMETER" true true false 12 Double 3 11,First,#,MZBR,PERIMETER,-1,-1;LANDUSE_ "LANDUSE_" true true false 11 Double 0 11,First,#,MZBR,LANDUSE_,-1,-1;LANDUSE_ID "LANDUSE_ID" true true false 11 Double 0 11,First,#,MZBR,LANDUSE_ID,-1,-1;NAME "NAME" true true false 50 Text 0 0,First,#,MZBR,NAME,0,49;LANDTYPE "LANDTYPE" true true false 50 Text 0 0,First,#,MZBR,LANDTYPE,0,49;protectd "protectd" true true false 4 Short 0 4,First,#,MZBR,protectd,-1,-1" #</Process><Process ToolSource="c:\program files\arcgis\pro\Resources\ArcToolbox\toolboxes\Analysis Tools.tbx\Erase" Date="20250513" Time="122330">Erase MZBR_Che CheworeFL C:\Users\USER\Documents\ArcGIS\Projects\CheworeRoads\CheworeRoads.gdb\MZBR_Che_Erase #</Process><Process ToolSource="c:\program files\arcgis\pro\Resources\ArcToolbox\toolboxes\Analysis Tools.tbx\Union" Date="20250513" Time="122828">Union "MZBR_Che_Erase #;CheworeFL #" C:\Users\USER\Documents\ArcGIS\Projects\CheworeRoads\CheworeRoads.gdb\MZBR_Che_Erase_Union ALL # GAPS</Process><Process ToolSource="c:\program files\arcgis\pro\Resources\ArcToolbox\toolboxes\Analysis Tools.tbx\Union" Date="20250514" Time="132517">Union "Boundary #;Mukwichi_Polygon #" C:\Users\USER\Documents\ArcGIS\Projects\CheworeRoads\CheworeRoads.gdb\Boundary_Union ALL # NO_GAPS</Process><Process ToolSource="c:\program files\arcgis\pro\Resources\ArcToolbox\toolboxes\Conversion Tools.tbx\ExportFeatures" Date="20250526" Time="192010">ExportFeatures Boundary_Union C:\Users\USER\Documents\Simbai\Shapefiles\MZBR_Che\Mid_Zambezi_Valley.shp # NOT_USE_ALIAS "FID_MZBR_Che_Erase_Union "FID_MZBR_Che_Erase_Union" true true false 4 Long 0 0,First,#,Boundary_Union,FID_MZBR_Che_Erase_Union,-1,-1;FID_MZBR_Che_Erase "FID_MZBR_Che_Erase" true true false 4 Long 0 0,First,#,Boundary_Union,FID_MZBR_Che_Erase,-1,-1;AREA "AREA" true true false 8 Double 0 0,First,#,Boundary_Union,AREA,-1,-1;PERIMETER "PERIMETER" true true false 8 Double 0 0,First,#,Boundary_Union,PERIMETER,-1,-1;LANDUSE_ "LANDUSE_" true true false 8 Double 0 0,First,#,Boundary_Union,LANDUSE_,-1,-1;LANDUSE_ID "LANDUSE_ID" true true false 8 Double 0 0,First,#,Boundary_Union,LANDUSE_ID,-1,-1;NAME "NAME" true true false 50 Text 0 0,First,#,Boundary_Union,NAME,0,49;LANDTYPE "LANDTYPE" true true false 50 Text 0 0,First,#,Boundary_Union,LANDTYPE,0,49;protectd "protectd" true true false 2 Short 0 0,First,#,Boundary_Union,protectd,-1,-1;FID_Chewore "FID_Chewore" true true false 4 Long 0 0,First,#,Boundary_Union,FID_Chewore,-1,-1;ogc_fid "ogc_fid" true true false 8 Double 0 0,First,#,Boundary_Union,ogc_fid,-1,-1;ogc_fid1 "ogc_fid1" true true false 8 Double 0 0,First,#,Boundary_Union,ogc_fid1,-1,-1;name_1 "name" true true false 254 Text 0 0,First,#,Boundary_Union,name_1,0,253;descriptio "descriptio" true true false 254 Text 0 0,First,#,Boundary_Union,descriptio,0,253;size "size" true true false 254 Text 0 0,First,#,Boundary_Union,size,0,253;protection "protection" true true false 254 Text 0 0,First,#,Boundary_Union,protection,0,253;key_featur "key featur" true true false 254 Text 0 0,First,#,Boundary_Union,key_featur,0,253;overview_o "overview o" true true false 254 Text 0 0,First,#,Boundary_Union,overview_o,0,253;lease_hold "lease hold" true true false 254 Text 0 0,First,#,Boundary_Union,lease_hold,0,253;community "community" true true false 254 Text 0 0,First,#,Boundary_Union,community,0,253;link "link" true true false 254 Text 0 0,First,#,Boundary_Union,link,0,253;area_1 "area" true true false 4 Long 0 0,First,#,Boundary_Union,area_1,-1,-1;ogc_fid_2 "ogc_fid_2" true true false 8 Double 0 0,First,#,Boundary_Union,ogc_fid_2,-1,-1;ogc_fid0 "ogc_fid0" true true false 8 Double 0 0,First,#,Boundary_Union,ogc_fid0,-1,-1;name_2 "name_2" true true false 254 Text 0 0,First,#,Boundary_Union,name_2,0,253;desig "desig" true true false 254 Text 0 0,First,#,Boundary_Union,desig,0,253;area2 "area2" true true false 4 Long 0 0,First,#,Boundary_Union,area2,-1,-1;test "test" true true false 8 Double 0 0,First,#,Boundary_Union,test,-1,-1;FID_Mukwichi_Polygon "FID_Mukwichi_Polygon" true true false 4 Long 0 0,First,#,Boundary_Union,FID_Mukwichi_Polygon,-1,-1;id "id" true true false 4 Long 0 0,First,#,Boundary_Union,id,-1,-1;name_12 "name" true true false 80 Text 0 0,First,#,Boundary_Union,name_12,0,79;Shape_Length "Shape_Length" false true true 8 Double 0 0,First,#,Boundary_Union,Shape_Length,-1,-1;Shape_Area "Shape_Area" false true true 8 Double 0 0,First,#,Boundary_Union,Shape_Area,-1,-1" #</Process></lineage></DataProperties><SyncDate>20250526</SyncDate><SyncTime>19201000</SyncTime><ModDate>20250526</ModDate><ModTime>19201000</ModTime></Esri><dataIdInfo><envirDesc Sync="TRUE">Microsoft Windows 10 Version 10.0 (Build 19045) ; Esri ArcGIS 13.4.0.55405</envirDesc><dataLang><languageCode value="eng" Sync="TRUE"></languageCode><countryCode value="USA" Sync="TRUE"></countryCode></dataLang><idCitation><resTitle Sync="TRUE">Mid_Zambezi_Valley</resTitle><presForm><PresFormCd value="005" Sync="TRUE"></PresFormCd></presForm></idCitation><spatRpType><SpatRepTypCd value="001" Sync="TRUE"></SpatRepTypCd></spatRpType></dataIdInfo><mdLang><languageCode value="eng" Sync="TRUE"></languageCode><countryCode value="USA" Sync="TRUE"></countryCode></mdLang><mdChar><CharSetCd value="004" Sync="TRUE"></CharSetCd></mdChar><distInfo><distFormat><formatName Sync="TRUE">Shapefile</formatName></distFormat><distTranOps><transSize Sync="TRUE">0.000</transSize></distTranOps></distInfo><mdHrLv><ScopeCd value="005" Sync="TRUE"></ScopeCd></mdHrLv><mdHrLvName Sync="TRUE">dataset</mdHrLvName><refSysInfo><RefSystem><refSysID><identCode code="4326" Sync="TRUE"></identCode><idCodeSpace Sync="TRUE">EPSG</idCodeSpace><idVersion Sync="TRUE">6.2(3.0.1)</idVersion></refSysID></RefSystem></refSysInfo><spatRepInfo><VectSpatRep><geometObjs Name="Mid_Zambezi_Valley"><geoObjTyp><GeoObjTypCd value="002" Sync="TRUE"></GeoObjTypCd></geoObjTyp><geoObjCnt Sync="TRUE">0</geoObjCnt></geometObjs><topLvl><TopoLevCd value="001" Sync="TRUE"></TopoLevCd></topLvl></VectSpatRep></spatRepInfo><spdoinfo><ptvctinf><esriterm Name="Mid_Zambezi_Valley"><efeatyp Sync="TRUE">Simple</efeatyp><efeageom code="4" Sync="TRUE"></efeageom><esritopo Sync="TRUE">FALSE</esritopo><efeacnt Sync="TRUE">0</efeacnt><spindex Sync="TRUE">FALSE</spindex><linrefer Sync="TRUE">FALSE</linrefer></esriterm></ptvctinf></spdoinfo><eainfo><detailed Name="Mid_Zambezi_Valley"><enttyp><enttypl Sync="TRUE">Mid_Zambezi_Valley</enttypl><enttypt Sync="TRUE">Feature Class</enttypt><enttypc Sync="TRUE">0</enttypc></enttyp><attr><attrlabl Sync="TRUE">FID</attrlabl><attalias Sync="TRUE">FID</attalias><attrtype Sync="TRUE">OID</attrtype><attwidth Sync="TRUE">4</attwidth><atprecis Sync="TRUE">0</atprecis><attscale Sync="TRUE">0</attscale><attrdef Sync="TRUE">Internal feature number.</attrdef><attrdefs Sync="TRUE">Esri</attrdefs><attrdomv><udom Sync="TRUE">Sequential unique whole numbers that are automatically generated.</udom></attrdomv></attr><attr><attrlabl Sync="TRUE">Shape</attrlabl><attalias Sync="TRUE">Shape</attalias><attrtype Sync="TRUE">Geometry</attrtype><attwidth Sync="TRUE">0</attwidth><atprecis Sync="TRUE">0</atprecis><attscale Sync="TRUE">0</attscale><attrdef Sync="TRUE">Feature geometry.</attrdef><attrdefs Sync="TRUE">Esri</attrdefs><attrdomv><udom Sync="TRUE">Coordinates defining the features.</udom></attrdomv></attr><attr><attrlabl Sync="TRUE">FID_MZBR_C</attrlabl><attalias Sync="TRUE">FID_MZBR_C</attalias><attrtype Sync="TRUE">Integer</attrtype><attwidth Sync="TRUE">10</attwidth><atprecis Sync="TRUE">10</atprecis><attscale Sync="TRUE">0</attscale></attr><attr><attrlabl Sync="TRUE">FID_MZBR_1</attrlabl><attalias Sync="TRUE">FID_MZBR_1</attalias><attrtype Sync="TRUE">Integer</attrtype><attwidth Sync="TRUE">10</attwidth><atprecis Sync="TRUE">10</atprecis><attscale Sync="TRUE">0</attscale></attr><attr><attrlabl Sync="TRUE">AREA</attrlabl><attalias Sync="TRUE">AREA</attalias><attrtype Sync="TRUE">Double</attrtype><attwidth Sync="TRUE">19</attwidth><atprecis Sync="TRUE">0</atprecis><attscale Sync="TRUE">0</attscale></attr><attr><attrlabl Sync="TRUE">PERIMETER</attrlabl><attalias Sync="TRUE">PERIMETER</attalias><attrtype Sync="TRUE">Double</attrtype><attwidth Sync="TRUE">19</attwidth><atprecis Sync="TRUE">0</atprecis><attscale Sync="TRUE">0</attscale></attr><attr><attrlabl Sync="TRUE">LANDUSE_</attrlabl><attalias Sync="TRUE">LANDUSE_</attalias><attrtype Sync="TRUE">Double</attrtype><attwidth Sync="TRUE">19</attwidth><atprecis Sync="TRUE">0</atprecis><attscale Sync="TRUE">0</attscale></attr><attr><attrlabl Sync="TRUE">LANDUSE_ID</attrlabl><attalias Sync="TRUE">LANDUSE_ID</attalias><attrtype Sync="TRUE">Double</attrtype><attwidth Sync="TRUE">19</attwidth><atprecis Sync="TRUE">0</atprecis><attscale Sync="TRUE">0</attscale></attr><attr><attrlabl Sync="TRUE">NAME</attrlabl><attalias Sync="TRUE">NAME</attalias><attrtype Sync="TRUE">String</attrtype><attwidth Sync="TRUE">50</attwidth><atprecis Sync="TRUE">0</atprecis><attscale Sync="TRUE">0</attscale></attr><attr><attrlabl Sync="TRUE">LANDTYPE</attrlabl><attalias Sync="TRUE">LANDTYPE</attalias><attrtype Sync="TRUE">String</attrtype><attwidth Sync="TRUE">50</attwidth><atprecis Sync="TRUE">0</atprecis><attscale Sync="TRUE">0</attscale></attr><attr><attrlabl Sync="TRUE">protectd</attrlabl><attalias Sync="TRUE">protectd</attalias><attrtype Sync="TRUE">Integer</attrtype><attwidth Sync="TRUE">5</attwidth><atprecis Sync="TRUE">5</atprecis><attscale Sync="TRUE">0</attscale></attr><attr><attrlabl Sync="TRUE">FID_Chewor</attrlabl><attalias Sync="TRUE">FID_Chewor</attalias><attrtype Sync="TRUE">Integer</attrtype><attwidth Sync="TRUE">10</attwidth><atprecis Sync="TRUE">10</atprecis><attscale Sync="TRUE">0</attscale></attr><attr><attrlabl Sync="TRUE">ogc_fid</attrlabl><attalias Sync="TRUE">ogc_fid</attalias><attrtype Sync="TRUE">Double</attrtype><attwidth Sync="TRUE">19</attwidth><atprecis Sync="TRUE">0</atprecis><attscale Sync="TRUE">0</attscale></attr><attr><attrlabl Sync="TRUE">ogc_fid1</attrlabl><attalias Sync="TRUE">ogc_fid1</attalias><attrtype Sync="TRUE">Double</attrtype><attwidth Sync="TRUE">19</attwidth><atprecis Sync="TRUE">0</atprecis><attscale Sync="TRUE">0</attscale></attr><attr><attrlabl Sync="TRUE">name_1</attrlabl><attalias Sync="TRUE">name_1</attalias><attrtype Sync="TRUE">String</attrtype><attwidth Sync="TRUE">254</attwidth><atprecis Sync="TRUE">0</atprecis><attscale Sync="TRUE">0</attscale></attr><attr><attrlabl Sync="TRUE">descriptio</attrlabl><attalias Sync="TRUE">descriptio</attalias><attrtype Sync="TRUE">String</attrtype><attwidth Sync="TRUE">254</attwidth><atprecis Sync="TRUE">0</atprecis><attscale Sync="TRUE">0</attscale></attr><attr><attrlabl Sync="TRUE">size</attrlabl><attalias Sync="TRUE">size</attalias><attrtype Sync="TRUE">String</attrtype><attwidth Sync="TRUE">254</attwidth><atprecis Sync="TRUE">0</atprecis><attscale Sync="TRUE">0</attscale></attr><attr><attrlabl Sync="TRUE">protection</attrlabl><attalias Sync="TRUE">protection</attalias><attrtype Sync="TRUE">String</attrtype><attwidth Sync="TRUE">254</attwidth><atprecis Sync="TRUE">0</atprecis><attscale Sync="TRUE">0</attscale></attr><attr><attrlabl Sync="TRUE">key_featur</attrlabl><attalias Sync="TRUE">key_featur</attalias><attrtype Sync="TRUE">String</attrtype><attwidth Sync="TRUE">254</attwidth><atprecis Sync="TRUE">0</atprecis><attscale Sync="TRUE">0</attscale></attr><attr><attrlabl Sync="TRUE">overview_o</attrlabl><attalias Sync="TRUE">overview_o</attalias><attrtype Sync="TRUE">String</attrtype><attwidth Sync="TRUE">254</attwidth><atprecis Sync="TRUE">0</atprecis><attscale Sync="TRUE">0</attscale></attr><attr><attrlabl Sync="TRUE">lease_hold</attrlabl><attalias Sync="TRUE">lease_hold</attalias><attrtype Sync="TRUE">String</attrtype><attwidth Sync="TRUE">254</attwidth><atprecis Sync="TRUE">0</atprecis><attscale Sync="TRUE">0</attscale></attr><attr><attrlabl Sync="TRUE">community</attrlabl><attalias Sync="TRUE">community</attalias><attrtype Sync="TRUE">String</attrtype><attwidth Sync="TRUE">254</attwidth><atprecis Sync="TRUE">0</atprecis><attscale Sync="TRUE">0</attscale></attr><attr><attrlabl Sync="TRUE">link</attrlabl><attalias Sync="TRUE">link</attalias><attrtype Sync="TRUE">String</attrtype><attwidth Sync="TRUE">254</attwidth><atprecis Sync="TRUE">0</atprecis><attscale Sync="TRUE">0</attscale></attr><attr><attrlabl Sync="TRUE">area_1</attrlabl><attalias Sync="TRUE">area_1</attalias><attrtype Sync="TRUE">Integer</attrtype><attwidth Sync="TRUE">10</attwidth><atprecis Sync="TRUE">10</atprecis><attscale Sync="TRUE">0</attscale></attr><attr><attrlabl Sync="TRUE">ogc_fid_2</attrlabl><attalias Sync="TRUE">ogc_fid_2</attalias><attrtype Sync="TRUE">Double</attrtype><attwidth Sync="TRUE">19</attwidth><atprecis Sync="TRUE">0</atprecis><attscale Sync="TRUE">0</attscale></attr><attr><attrlabl Sync="TRUE">ogc_fid0</attrlabl><attalias Sync="TRUE">ogc_fid0</attalias><attrtype Sync="TRUE">Double</attrtype><attwidth Sync="TRUE">19</attwidth><atprecis Sync="TRUE">0</atprecis><attscale Sync="TRUE">0</attscale></attr><attr><attrlabl Sync="TRUE">name_2</attrlabl><attalias Sync="TRUE">name_2</attalias><attrtype Sync="TRUE">String</attrtype><attwidth Sync="TRUE">254</attwidth><atprecis Sync="TRUE">0</atprecis><attscale Sync="TRUE">0</attscale></attr><attr><attrlabl Sync="TRUE">desig</attrlabl><attalias Sync="TRUE">desig</attalias><attrtype Sync="TRUE">String</attrtype><attwidth Sync="TRUE">254</attwidth><atprecis Sync="TRUE">0</atprecis><attscale Sync="TRUE">0</attscale></attr><attr><attrlabl Sync="TRUE">area2</attrlabl><attalias Sync="TRUE">area2</attalias><attrtype Sync="TRUE">Integer</attrtype><attwidth Sync="TRUE">10</attwidth><atprecis Sync="TRUE">10</atprecis><attscale Sync="TRUE">0</attscale></attr><attr><attrlabl Sync="TRUE">test</attrlabl><attalias Sync="TRUE">test</attalias><attrtype Sync="TRUE">Double</attrtype><attwidth Sync="TRUE">19</attwidth><atprecis Sync="TRUE">0</atprecis><attscale Sync="TRUE">0</attscale></attr><attr><attrlabl Sync="TRUE">FID_Mukwic</attrlabl><attalias Sync="TRUE">FID_Mukwic</attalias><attrtype Sync="TRUE">Integer</attrtype><attwidth Sync="TRUE">10</attwidth><atprecis Sync="TRUE">10</atprecis><attscale Sync="TRUE">0</attscale></attr><attr><attrlabl Sync="TRUE">id</attrlabl><attalias Sync="TRUE">id</attalias><attrtype Sync="TRUE">Integer</attrtype><attwidth Sync="TRUE">10</attwidth><atprecis Sync="TRUE">10</atprecis><attscale Sync="TRUE">0</attscale></attr><attr><attrlabl Sync="TRUE">name_12</attrlabl><attalias Sync="TRUE">name_12</attalias><attrtype Sync="TRUE">String</attrtype><attwidth Sync="TRUE">80</attwidth><atprecis Sync="TRUE">0</atprecis><attscale Sync="TRUE">0</attscale></attr><attr><attrlabl Sync="TRUE">Shape_Leng</attrlabl><attalias Sync="TRUE">Shape_Leng</attalias><attrtype Sync="TRUE">Double</attrtype><attwidth Sync="TRUE">19</attwidth><atprecis Sync="TRUE">0</atprecis><attscale Sync="TRUE">0</attscale></attr><attr><attrlabl Sync="TRUE">Shape_Area</attrlabl><attalias Sync="TRUE">Shape_Area</attalias><attrtype Sync="TRUE">Double</attrtype><attwidth Sync="TRUE">19</attwidth><atprecis Sync="TRUE">0</atprecis><attscale Sync="TRUE">0</attscale><attrdef Sync="TRUE">Area of feature in internal units squared.</attrdef><attrdefs Sync="TRUE">Esri</attrdefs><attrdomv><udom Sync="TRUE">Positive real numbers that are automatically generated.</udom></attrdomv></attr></detailed></eainfo><mdDateSt Sync="TRUE">20250526</mdDateSt></metadata>
